{
    "dji m3td 4032 3024 brown 0.6666": {
        "projection_type": "brown",
        "width": 4032,
        "height": 3024,
        "focal_x": 0.6995991509502099,
        "focal_y": 0.6995991509502099,
        "c_x": -9.440708794782844e-05,
        "c_y": 0.004000210818475004,
        "k1": 0.09492934706357159,
        "k2": -0.1611329240411799,
        "p1": -1.0481465781823098e-05,
        "p2": 0.0008952757317732179,
        "k3": 0.11190209855204354
    }
}